Country,1981,1982,1983,1984,1985,1986,1987,1988,1989,1990,1991,1992,1993,1994,1995,1996,1997,1998,1999,2000,2001,2002,2003,2004,2005,2006,2007,2008,2009,2010,2011,2012,2013,2014,2015,2016,2017,2018,2019,2020
Afghanistan,1978463,2094581,2519954,2821540,3501422,3133645,3113826,2856896,2764855,2603238,2427366,1379462,1333055,1281602,1230463,1164920,1084127,1029157,809512,757672,797962,1051609,1185951,889167,1303267,1635378,2268605,4199530,6739976,8397779,12105788,10218514,8440766,7774340,7904133,6744628,6859825,8344829,12146674,12160286
Albania,7335328,7302352,7624784,7818976,7873936,8049808,7437920,7320672,8976800,5444704,4228256,2495184,2315648,1912608,2066496,1993216,1531552,1744064,2975168,3004480,3220656,3748272,4231920,4103680,4198944,3843536,3828880,4272224,4253904,4448096,5030672,4667936,4928080,5620576,4495728,4492064,5301808,4733888,4863450,4534673
Algeria,46341982,39173029,52503909,70946530,72609068,76080388,83883502,83708041,79808266,76737628,78806834,79883305,81943970,86147476,94981417,96786277,87004706,106621010,91668212,82221010,83780203,89406933,91048404,87853359,106472836,100202857,108401946,109031978,120184849,117813010,119807538,128110556,132435012,142528719,149682942,148928670,154935572,161486543,166641950,154995460
Angola,5266774,4635179,5100535,4985847,4676114,4633840,5786029,5049306,4922750,5089864,5064054,5164449,5748389,3864521,10948907,10423993,7347664,7268420,9130235,9516064,9670938,12598124,8988970,18700613,19005991,22101650,24977271,25486267,27564973,28864503,30329742,33800624,33228583,33296311,33621246,31403799,28420359,24375801,23486822,22198161
Argentina,101968542,103351137,105142036,106451701,100531216,104150065,114877229,121404742,117020422,112079088,117505744,121230584,117777485,122229002,127764859,134762070,137641464,139451896,147285131,142358347,134003944,124392348,134631008,157043391,161434200,174608992,174245760,188106000,178949200,186733136,190273774,191714848,190133373,188657102,192405960,190977194,187804729,181099627,167565587,156978063
Armenia,7878212,8027958,8147766,8224408,8862305,8439309,8369284,9425002,9522964,8962251,7288292,5862939,2575039,2713342,3433180,2595440,3269238,3397212,3049535,3491407,3532701,3076793,3455560,3691197,4376169,4401590,5100210,5574790,4363332,4252750,4968878,5748252,5535004,5604113,5469323,5203013,5536589,5825786,5528755,5890292
Aruba,557625,623468,320425,800142,936532,179536,447008,611888,648528,487312,531280,538608,648528,659520,707152,725472,758448,806080,809744,2377936,2407248,2436560,2561136,2616096,2718688,2715024,2821280,2656400,2627088,2506176,2498848,1348352,861040,872032,897680,883024,890352,872032,851153,753218
Austria,55832893,53565287,51668238,54214049,54366320,53728532,57373914,52937221,53696289,62140063,65738192,60236456,60660781,61034437,64011231,67355343,67252097,66886986,65639881,66138790,70138688,71942960,77450503,77667970,79067961,76796491,74096973,73472267,67290760,72000290,69888739,67263274,67758606,64160937,66351619,67215457,69598854,66565408,67962416,60634876
Azerbaijan,45370983,46230128,46897384,47323226,51021362,53134302,50437710,51327001,51372229,51380396,50033976,56174400,48406098,41943904,33309350,31242309,29802216,31665754,28569828,29506320,28791317,29640751,30623566,32077061,34286420,39108582,30459078,35449751,31856400,30632888,32975696,35048364,35214656,36974615,36988776,37054721,36729864,36847258,38725131,37720462
Bahamas,2798440,2258485,2014374,1853984,1509568,1410640,1421632,1538880,1945584,2022528,1996880,1868640,1744064,1769712,1839328,1813680,1608496,1989552,2033520,2026192,1945584,2037184,2070160,2048176,1905280,1853984,1872304,1916272,1949248,1901616,2114128,2311984,2704032,2429232,2136112,1978560,2095808,2700368,2637810,2337684
Bahrain,8518800,9830512,8222016,9200304,10185920,11002992,11420688,12142559,11716746,12405777,11856551,10873574,14608586,14754455,14786477,15589977,17288859,18366355,17988735,18794084,14077837,15868013,16769491,17883505,19804053,19421150,26771124,29681318,28098071,29075435,28467646,27018877,30999524,30817608,32470072,31372822,32591220,32609540,34439053,34960075
Bangladesh,7886136,8552288,8188282,9077160,10189161,11405807,11799727,13478441,13382363,14081596,14741983,15379904,16062897,17538015,21041714,21492816,23125868,23197800,25074988,26524611,31034909,31981243,33459295,35945411,37676581,41689168,42642128,45300872,49148072,53991553,56556344,60691320,61781665,65978638,73277248,76477097,80943513,82599936,94215024,92841625
Barbados,685168,644864,685168,746995,845711,915407,941049,944787,988686,1070082,1201999,973443,1100542,738502,806635,822512,888236,1099459,1162451,1151592,1186226,1199568,1245266,1269520,1319152,1342800,1362784,1612264,1597148,1464008,1516527,1459119,1437240,1261185,1261368,1283352,1169768,1235544,1215299,1086743
Belarus,94986895,96755378,98119538,98965496,106659434,121012521,111652312,114304647,108837767,103757549,96780435,88858780,76555041,62505113,57507956,58376632,58919638,57396426,54902271,54706238,54770371,54583388,56105032,59800556,61126616,63934085,63302926,65439253,61044579,62774838,61628921,62674221,63237300,62608774,58037502,59851417,60115689,60961760,61022455,57445417
Belgium,123573623,117101908,101201842,104966540,104004492,102366759,102588713,99742820,106792086,120307911,123378418,122504884,121438780,124807756,125941718,129480003,123983481,130209029,124700661,126720241,126065433,126864528,128250339,128780768,125640801,123883988,120479545,120181246,107711767,114543697,105025678,102385920,102652455,96867692,101055514,99872138,99448135,100227169,99745782,83748962
Belize,183200,172208,172208,172208,190528,205184,227168,249152,300448,311440,406704,355408,377392,373728,377392,307776,388384,370064,348080,395712,447008,432352,432352,392048,421360,443344,476320,436016,516624,538608,553264,450672,439680,468992,641200,622880,615552,604560,658381,582795
Bermuda,388384,395712,450672,443344,450672,421360,571584,644864,780432,501968,538608,461664,538608,531280,531280,527616,523952,520288,512960,516624,527616,556928,560592,582576,582576,652192,729136,648528,476320,608224,443344,366400,534944,670512,538608,619216,630208,710816,697992,624448
Bolivia,4781038,4337867,4278137,4029341,4109758,3763680,4011801,4286778,4968446,5727316,5972409,6620673,7791655,8593811,9800023,10086080,11256021,11246257,10721598,8640753,8292136,8383703,9984595,10185337,11175978,11547714,12662540,13553722,14229440,15425964,16992416,17778914,19093870,20716717,21277669,22795497,23561768,23855821,23847714,20700023
Bonaire Sint Eustatius and Saba,429282,479971,246676,615981,720980,138214,122875,121041,230412,246751,196901,162222,250419,240082,237581,222243,232580,12838,96200,255254,259922,250586,250753,263090,260756,271760,305938,294267,301103,207404,264591,311440,322432,322432,326096,337088,348080,348080,339746,300654
Bosnia and Herzegovina,17566318,16135967,17375726,18324131,18691650,19520177,19056489,19663324,19602901,19314215,13633321,15028713,12580576,3204952,3402028,4239503,8365765,10550597,10333251,13702201,13262811,14172601,14358120,15462454,16045984,17386820,17474332,19958649,20537094,21145704,23761289,22134174,21801049,19311786,18460491,21734016,21819086,22075036,24846861,21417961
Brazil,170621577,170923823,165522685,167683238,180004339,197292556,205838856,207596211,212130682,218658000,229394000,233601000,244306000,254002000,268678000,289311000,306949000,317359000,327256000,340183000,346166000,347765000,344645000,361434000,364371000,368871000,390573000,412638000,389775000,440269000,462580000,498309000,532418000,557901000,529353000,492748000,500757715,483685288,485793146,467383500
Brunei,2059168,2664731,2733344,1916272,2594112,2297328,3315920,5712176,6342384,6188496,5305472,5210208,4964720,4689920,4785184,4741304,4931744,5158912,3803232,4590992,4389472,4253904,4470165,4873120,4869456,4737552,8309952,8991456,7745739,8060800,9544720,9493476,7628448,8925504,6954272,7544129,9552048,9592352,9958114,10158494
Bulgaria,80086800,89844183,90061303,87044932,89221333,91172269,91273155,86913327,86482227,76698698,61517284,57365193,58425943,56403945,57950326,58500870,55856050,53174881,46380143,45465687,48981924,46156421,50533439,49585121,50656287,51894237,55740359,54079063,45814698,47860746,53176425,48340677,42680429,45216885,48275619,45502398,47582294,43637529,42222519,37444110
Burundi,157552,157552,205184,219840,230832,234496,249152,227168,267472,208848,238160,216176,227168,234496,238160,241824,249152,249152,252816,271136,205184,212512,161216,197856,153888,183200,201520,208848,168544,296784,354138,379170,397996,374917,390866,467437,530397,679317,704031,602181
Cambodia,300448,337088,366400,410368,417696,432352,436016,450672,450672,1260416,1304384,1348352,1384992,1425296,1498576,1516896,1465600,1875968,1894288,1974896,2249696,2205728,2377936,2443888,2773648,2997152,3471142,3881372,4557086,5100364,5194090,5451440,5578106,6493802,8526534,10533328,12874906,12878613,15329057,15325618
Cameroon,5319124,6315888,6554480,6052928,6470624,1993216,1842992,2153961,7577693,2604793,2668440,2712299,2865801,2841138,3203724,3593879,3157376,3136039,2996919,3345986,3325841,3325343,3698676,3851285,3591290,3752466,5703100,5426016,6594050,6662047,6520807,6159371,5070387,6849789,7746169,7815194,7698500,7931958,7397993,6889318
Canada,429629720,414454925,408338502,425233330,421718695,404707950,430982059,455669111,462885150,458007408,449699173,463521037,463993303,478267071,490951380,506999620,521278446,528987104,543729999,566552294,559042165,564669174,582343586,580758769,575852411,571409763,594665366,579367139,546610441,558804007,569870198,569262731,573698737,570563417,573061376,559566962,569360436,579470372,582389608,535822990
Cape Verde,32976,36640,36640,84272,84272,58624,80608,73280,80608,95264,98928,106256,109920,113584,120912,142896,146560,157552,183200,216176,234496,274800,307776,329760,439680,472656,505632,468992,520288,556928,615552,501968,494640,487312,490976,538608,578912,597232,602249,549930
Chile,24339015,20469871,20667594,21996919,21283755,22013361,22399415,26586553,32002717,32891315,30949909,31978344,33953348,37516676,41072182,47611140,55433244,56786960,60890176,58095520,52558259,54470908,54864180,59026076,60926496,63949324,70683248,70795160,65900503,71310955,78064404,79683581,81810868,77573779,81824471,84392028,84046028,84409267,86129263,81171490
China,1476487854,1606585013,1694216811,1844828012,1998082904,2104213354,2257738539,2425893553,2463654367,2484854820,2606096182,2730787587,2921650956,3100002045,3357908888,3503233703,3510169286,3360455433,3350340129,3439152210,3514933795,3872595297,4545013886,5223754656,5876555340,6488803816,6978611952,7496832207,7886532768,8616652695,9528555734,9775621803,9952743755,9985583382,9848419740,9720444086,9920459189,10289989525,10489988555,10667887453
Colombia,44260323,45679301,49209648,48701539,48079490,48754285,50123985,52017412,52792806,56897743,56654080,61494680,63337803,66790576,58775392,59770880,64496528,65157688,54761240,56258838,55938888,55430416,57093904,54569256,60059624,62004536,60178840,66650056,72556720,76278424,76079775,79727172,87427856,88699143,91965358,93241979,86295788,84880525,90419306,89104941
Costa Rica,2236213,2070622,2088813,1980949,2242455,2577534,2723861,2905922,2933345,2913015,3287914,3741868,3890892,5199850,4800770,4686377,4916182,5234101,5437766,5393873,5666567,6245400,6582545,6841678,6723403,7006724,7960740,7989944,7747752,7492647,7310815,7260085,7631517,7748309,7406021,7922925,8311622,8222150,8817911,7907389
Croatia,17556620,16126209,17413671,18425411,18854420,19784027,19312869,20023574,19979560,22977726,16986189,16371432,16807979,16052777,16816449,17344006,18557198,19011850,20022950,19660565,20783249,21887758,23214314,22891547,23345544,23554158,24866343,23598669,21808549,21019201,20651988,19088544,18435627,17682216,17817233,18083057,18718063,17698215,17778838,16982010
Cuba,32723480,34527343,30820618,32580693,32556045,33546752,33933262,35616447,35719059,29648420,27170202,20593126,19822771,21382319,22835124,23332951,24808969,24293962,24467107,25775495,25215883,25523650,25942743,25221231,24442108,24693041,24240301,28108268,28396318,34199817,29431084,29742048,28024016,27441780,29311009,28177648,25207628,22608510,22524658,20152280
Curacao,8045250,8995220,4622995,11544210,13512007,2590293,2302830,2268459,4318197,4624407,3690152,3040235,4693149,4499423,4452554,4165091,4358816,240594,1802894,4783762,4871251,4696273,4699398,4930618,4886874,5093097,5733640,5514918,5643027,3887002,4958740,5836752,5503328,6408336,6924960,5800112,4426112,3828880,3761011,3335066
Cyprus,3095654,3157205,3151348,3234557,3144994,3606067,4184954,4197559,4429735,4651680,5141180,5515863,5759258,6000649,5872254,6222419,6310214,6607266,6873950,7120330,6994276,7183619,7574158,7800745,7954994,8182561,8501640,8714141,8468573,8099604,7786009,7261686,6581495,6949659,6970371,7373018,7523104,7340346,7339882,6496162
Czechia,179595650,177936751,178171982,184301619,181855103,183148592,180967731,177843720,169622805,164202710,148892387,144616942,138634269,132370351,131600512,134954556,130725010,125308969,116614327,127127423,127024288,123940088,127413414,128169219,125678621,126493458,128307200,122995055,115238793,117603433,115167624,111289362,106525802,104094900,104864605,106685441,107612791,106131600,100812345,87974706
Democratic Republic of Congo,3755424,3046965,3998000,3931640,3611908,3345663,3815863,3977992,4351992,4248965,3132604,2808223,2662330,1698214,2103614,2311092,1875443,1655511,1317470,892726,769774,850081,1037159,1149429,1445041,1552192,1696531,1810549,1694046,1961947,2439520,2356311,3537543,4630929,2792690,2014128,2473864,2779707,2688761,2477334
Denmark,51773059,53684430,50167913,50856492,60065327,58907152,58346474,55112279,48808831,53573406,64188666,58379818,60625621,64688838,61602249,74851794,65451195,61219066,58635471,54291739,55879240,55537933,60626347,55076073,51506467,59428761,54656001,51219830,48816007,49170504,44215177,39840159,41745896,37543417,35203694,37011386,34743087,34672351,30897261,26194912
Djibouti,300448,348080,348080,351744,359072,377392,388384,348080,388384,274800,285792,300448,300448,293120,311440,293120,329760,384720,384720,366400,366400,399376,421360,406704,414032,410368,461664,498304,458000,516624,472656,487312,556690,388306,447141,399509,403384,388728,402400,351464
Dominica,36640,40304,40304,43968,47632,47632,47632,54960,58624,58624,58624,58624,62288,65952,80608,73280,80608,76944,80608,102592,109920,102592,117248,142896,142896,142896,183200,164880,161216,172208,153888,164880,168544,175872,175872,179536,161216,161216,157356,139250
Dominican Republic,6135240,6303486,7865595,7390465,7241543,8121059,9687290,9739755,10257903,8936017,9538286,10418188,11208752,11796446,15106975,16484352,17265690,17788184,17821253,18991627,19144596,20949129,21345009,17333192,17940521,19111932,19992930,20331836,19780666,20553453,21317914,21254754,21266960,21800611,23494589,24644567,24016922,25698088,27520188,27769310
Ecuador,16652800,19235118,19502609,21189503,19352678,15194065,15022251,17168596,20153710,16457820,16157175,21959676,24088526,13539560,22686239,24024921,18206447,22313483,21364414,20562217,22940109,24753207,26746806,28785670,29969504,28894631,33685516,29573062,32503201,34825608,37398376,37154022,39362341,43206942,40759423,39504033,39275993,37919441,36757720,30931763
Egypt,50902684,56431167,56980476,63704312,63807233,74392898,74613521,74309478,71904562,75217533,77295842,79939884,92277980,84555822,94890392,93568654,107512839,121465771,124496184,140349710,124293719,125782381,146462658,149143319,165043688,176019064,185907328,194763997,203169672,200841483,213026647,208718329,206949168,221668030,219167386,234122634,250604761,227721467,225881552,213456746
El Salvador,1818731,1752098,1885365,1588299,1965338,1967496,2414492,2433068,2547246,2475071,3154717,3316777,3975594,4512672,4998356,4414490,5415735,5731188,5587859,5670975,5857395,6069883,6434851,6253812,6297707,6717812,6845580,6404717,6312459,6318629,6499405,6471882,6094472,6151155,6675315,6645795,6015817,6371211,6852675,6123716
Equatorial Guinea,69616,73280,62288,80608,65952,80608,98928,106256,117248,62288,65952,65952,69616,76944,84272,128240,304112,263808,406704,615552,2964176,7782336,7961872,9962416,8038816,7108160,5583936,6118880,5408064,6804048,9464112,9174656,11578240,11178864,10834448,11387712,12285392,11211840,10269780,10265267
Estonia,34463405,35114206,35616637,35935275,38762127,38760841,37862407,37919633,38869392,37649839,33823325,24355259,19403677,20036425,18212950,19134482,18645053,16916908,15911694,15485187,15866332,15348893,17234693,17367835,17156154,16502336,20021749,17875386,14488945,18995251,19090904,17846305,19737857,18885241,15859415,17567318,18788490,17944520,12380317,10452414
Ethiopia,1860007,1473914,1834754,1650281,1798710,2195246,2554381,2640066,2794114,2986507,2958472,2936737,2993623,2197201,2505953,2794189,2980158,3147422,3094276,3462855,4264586,4431687,4870232,5158551,4956129,5318177,5839596,6417597,6453445,6336871,7402480,8108686,9781029,12016546,12693593,14347424,15237885,16149221,16370961,14664773
Faeroe Islands,439680,458000,487312,498304,516624,490976,498304,527616,578912,703488,655856,648528,582576,575248,571584,600896,589904,622880,630208,688832,762112,725472,732800,747456,721808,677840,688832,630208,575248,630208,567920,589904,648528,597232,608224,630208,707152,725472,736044,683898
Fiji,1077173,835123,708926,577209,572991,598086,471995,549765,625202,804718,662360,741103,743123,737955,755017,814431,782808,761625,774787,833176,1045869,879737,1037013,1340918,1082308,1202662,1140350,879019,778450,1201720,1068238,1042187,1098788,1244223,1294297,1259717,1361855,1351627,1391540,1393413
Finland,51403281,42976475,41463371,42147141,49549076,53214366,57533400,52058082,52447930,56968380,55230404,54284403,56348154,61711042,58139983,64056529,62719213,59369603,58891935,57038198,62536132,65059823,72657796,68960708,57047263,68389147,66765402,58616619,55936521,64103398,56666649,51229342,51728113,47644671,44126333,47229214,44652056,45848982,42546042,39287631
France,457517006,438606692,421557477,410103912,403207462,388261654,385361706,382764684,396782299,392998429,417133786,406979372,387666505,381025934,385975389,402402889,395245277,413905746,411544213,405901062,410533356,406010421,411946138,413148836,415517543,405761299,395427663,387991843,368631190,376575652,353734944,355931515,357536915,325885736,329910376,333578746,336995589,322371888,315930736,276633893
French Guiana,326096,362736,384720,355408,366400,366400,417696,516624,670512,709655,799783,809735,859485,761331,711474,586401,546335,645274,514797,502873,558215,505891,645518,629917,594647,507507,600467,581599,765922,712224,714282,706429,692342,691310,702356,718358,705072,698756,728379,728379
French Polynesia,329760,337088,421360,461664,589904,608224,611888,575248,542272,439680,436016,414032,428688,443344,432352,436016,454336,450672,498304,571584,681504,685168,740128,725472,784096,780432,769440,795088,798752,802416,787760,773104,787760,769440,784096,758448,765776,802416,827108,828267
Gambia,157552,161216,161216,172208,172208,161216,179536,183200,179536,197856,197856,197856,208848,208848,216176,219840,223504,241824,274800,274800,300448,300448,300448,322432,326096,351744,351744,366400,381056,432352,447008,454336,432352,512960,523952,531280,534944,542272,546960,499912
Georgia,14031406,14295495,14500574,14631096,15770350,15571370,15724398,16315120,16192489,15945349,15869490,15276915,9915700,6067844,2290286,4053812,4426263,4939172,4310981,4500388,3732319,3351955,3735201,4275506,5017588,6096712,6365351,5308807,6135626,6208043,7804526,8251811,8009298,8934398,9746984,10066235,10179542,10104572,10480276,9968094
Germany,1048523357,1015733894,1011604905,1033244579,1044117955,1047471904,1032442842,1029024130,1008792342,1052476835,1014224521,965893262,956132116,939814629,938968408,959151308,931324201,923356691,895874334,899852056,916648522,899971399,901151903,887089127,866697224,878320430,851624329,854927145,790294719,832949108,809216919,813984654,831453838,792587770,795610215,800686632,785882918,754111607,711427809,644310352
Ghana,3029859,3028435,3639025,2567062,3301674,3030344,3263615,3411199,3295020,3790882,4209288,3661745,4309505,5088912,5153605,5468649,6204804,6244973,6370451,6101182,6733777,7232698,7438500,7153326,6802875,9159489,9618768,8925351,7497608,9709648,11226017,14315347,14179876,14754583,16114450,16547069,13739546,16682630,16918159,16001330
Greece,50125423,51508771,54789372,56284930,59771927,58274423,62576331,67051874,73230803,83425552,83401121,84982711,84296366,86442177,86979098,89132008,93820932,98641499,97958378,102999026,105385700,105020957,109089754,109546749,113930967,112472438,114592335,111125242,104354753,97361427,94549566,91430548,81736129,78662108,74961086,71372744,74855081,71807547,65735923,52235141
Greenland,527616,516624,362736,567920,509296,326096,234496,545936,472656,624506,609701,595600,545710,495715,534120,596742,617614,596843,594492,667505,618086,579721,649778,639923,644089,662254,653156,677758,592953,678834,725334,578472,561216,520837,523816,524924,542002,548021,553636,514413
Grenada,58624,62288,62288,62288,62288,65952,73280,95264,102592,106256,109920,117248,120912,142896,150224,153888,168544,175872,194192,190528,194192,205184,216176,205184,216176,230832,238160,252816,252816,260144,252816,271136,304112,234496,260144,267472,278464,307776,332271,294834
Guadeloupe,707152,681504,732800,791424,806080,857376,916000,1007600,1077216,1316162,1397423,1408602,1547974,1662784,1733922,1824359,1837671,2223073,2171102,2125185,2258428,2356499,2387588,2553717,2382748,2336210,2488238,2439371,2379249,2505064,2512302,2484681,2435135,2431506,2470355,2526638,2479907,2457695,2561883,2561883
Guatemala,3949467,3606792,3159905,3401061,3496849,3664595,3918400,4075277,4188155,4972245,4951134,5919209,5577778,6751174,7078550,6571124,7501859,8639397,8805825,9764762,10233260,10721662,10447951,11180307,12109271,12176554,12144909,10893166,11442047,11097682,11237312,11557767,12783614,13785180,15822364,16912995,17291925,18646365,21934091,18937908
Guinea,989280,981952,952640,978288,992944,996608,992944,1025920,1044240,1003936,1025920,1058896,1088208,1124848,1165152,1234768,1289728,1363008,1432624,1491248,1560864,1623152,1700096,1762384,1824672,1890624,1967568,1996880,2110464,2484192,2594112,2421904,2110464,2165424,2451216,2744336,3238976,3685984,3716950,3394049
Guinea-Bissau,142896,142896,142896,161216,172208,183200,194192,216176,230832,172208,175872,179536,183200,183200,183200,183200,201520,172208,194192,146560,150224,153888,194192,201520,212512,216176,230832,227168,234496,238160,241824,245488,245488,260144,278464,304112,304112,311440,314056,286774
Guyana,1799024,1403312,1245760,1403312,1417968,1044240,1308048,1403312,1183472,1128512,1106528,1040576,1044240,1458272,1568192,1652464,1806352,1828336,1832000,1747728,1744064,1714752,1857648,1927264,1619488,1509568,1780704,1707424,1908944,1886960,1960240,1960240,1905280,1972021,2003336,2345135,2319487,2480982,2486530,2212691
Haiti,758928,817303,886028,903151,929520,830222,898793,1007669,1023120,994997,976137,888522,684199,183200,875696,1018592,1348352,1234768,1271408,1634144,1471293,1785235,1700183,1651995,1724339,1752042,1772405,1760637,1888301,2136827,2272898,2264181,2706250,2704625,2660657,2983089,3104001,3367809,3289028,2919510
Honduras,1807843,1749493,1976452,1957357,1885699,1824977,2144191,2464967,2680274,2416737,2438592,2685697,2823529,3161731,3766619,3816897,3944794,4737307,4613286,4929308,5602252,5868022,6616876,7194159,6830896,7676539,8205736,8437644,7939122,7890362,8735738,9093702,9240065,9309030,9802030,9292976,8857228,10049978,10788920,9659570
Hong Kong,18616656,19622767,20912106,22224787,22881405,25525918,28085645,29284781,30141179,27147690,28463072,32918561,34777844,31079293,31267054,28908528,30496981,38924984,42549016,40282786,37801699,39485079,43202329,41569401,43730550,41914808,43572438,42790584,41579400,40062903,43149716,42742062,44306891,45491754,42392071,43388679,42553287,42738009,41789463,31238788
Hungary,86352010,86600858,88856201,90561281,85828377,83240792,84136472,78054788,75917200,73225500,69656214,62084798,63389238,61786518,61391277,63024745,61623522,61163628,61663704,58365110,59968172,59004668,61756139,60132085,60277822,59641574,58553641,57248081,51470656,52068804,50191342,46757505,43590214,43678123,46614820,47072006,49452258,49407953,49079712,48275451
Iceland,1748000,1593849,1542530,1809746,1622635,1780225,1845061,1841119,1896457,2228425,2106051,2254963,2411258,2364690,2467100,2522576,2618531,2637554,2840387,2932131,2863426,2991283,2984898,3109114,2976356,3152914,3496090,3811449,3727679,3624647,3501314,3496829,3482726,3459260,3536220,3487423,3604886,3663377,3550747,2935990
India,315265795,325683632,352530101,361889225,397952960,426698557,455758841,492144025,541134880,578518195,615924923,656033132,677916275,716917563,762120642,825918856,859686238,877698067,951748674,978919215,992560136,1023027203,1059616164,1125471265,1185953364,1259744276,1358152218,1462814598,1612816599,1677887585,1780129996,1963586045,2036937081,2185855918,2268567478,2382223220,2433855754,2599805717,2625968148,2441792313
Indonesia,100297052,105583980,105183842,112460239,121597383,122166074,123878476,132721211,131673524,150284643,180621138,203577157,219762164,222855120,226542578,255067457,280733833,215970801,243950117,274726688,303341381,310818287,340441487,344393729,348988697,346705556,388255228,366293293,401957338,451931468,504761970,521527856,496074375,498973167,551475340,560845982,575175792,614884277,660593985,589500368
Iran,112995835,137770986,149584899,149863607,159856662,147603415,158562621,175142708,190197820,209943734,226010886,226934892,235606908,263820316,271581982,273768887,267045699,305503483,379501400,369149582,394759364,397624829,413664624,441946593,463499413,503636232,512659548,534644072,559024857,569771991,577336334,602738337,610210045,641842053,628626244,637361528,712256079,707157389,733365847,745035109
Iraq,31901494,30374435,38465143,39771002,44196437,47229553,52183787,67127427,72241825,49057049,45185441,58889385,63129812,71089200,74083308,69283215,68079443,72101517,71681430,71715533,84556041,86322167,90785437,113635050,112764261,97964939,61169409,91803403,102968937,110065833,135274148,152814840,163676973,165150848,165646516,194361365,211703077,211325685,222991395,210829146
Ireland,26061509,25566267,25728681,25549450,26749804,28550302,30226336,29883637,30061099,32943604,33673494,33494498,33715571,34837654,35852203,37468513,38804279,40708288,42439518,45248509,47606827,46080800,45683185,46165841,48155797,47603979,47663727,47366674,42180319,41793915,38097299,38241975,37291763,36909012,38687772,40155799,39133421,39195155,37275319,33348699
Israel,21017606,23854861,23709025,23498479,24613013,26348255,27068916,29702603,31394252,35824360,36148458,42082498,44234508,47474582,49865527,51935752,54865705,56009768,54756050,59519380,63023569,59301358,62414678,58679234,56524139,62148963,62799906,67980176,63860946,68286901,68594737,74784579,63131686,60351834,62974924,61219126,58873198,60546051,62393584,56350861
Italy,375300134,366879032,358409081,364601058,368982391,363187621,380098578,385962261,404741934,439549775,439094031,439315218,431604727,425796750,449826011,444029280,449754083,461945883,466424826,470493152,470575948,478005096,495964765,501567832,502259537,496891877,490602557,478902802,424738934,436153683,424277527,403447214,369834337,349581755,361302482,358060743,352849912,349020446,339772171,303815294
Jamaica,7408473,6214029,6444906,5140603,5041745,4547176,5379035,4525484,6724091,7527165,7750991,7708731,8000958,8188610,9173406,9687622,10068187,9694035,9958188,10313990,10576440,10202580,10667060,10574223,10416539,11577210,10749231,10779635,7933788,7677295,8255605,7912829,8492241,7697454,7995386,8163432,7797546,8038802,8045054,7429454
Japan,926835495,897407791,880909402,937069892,912400813,912259933,902530350,985464274,1021681739,1158007407,1169691855,1179396064,1172339471,1227273012,1239619832,1251530853,1244781173,1204993482,1241611492,1264374642,1249766267,1279120141,1287467746,1282861601,1290371061,1267361874,1303134177,1232313730,1163212931,1214816233,1264866099,1306009842,1315342658,1263728759,1223396445,1203717880,1188122842,1143457876,1105929335,1030775384
Jordan,5825183,6255687,7299946,8246872,8421513,9165052,9506019,9177012,9079754,10476423,9903911,11984199,11774286,13249567,13208063,13825418,14074057,14253067,14266665,15200204,15609517,16420437,16982176,18670695,20436793,20526390,21436498,20717997,21336692,20615325,21243760,23813801,23813152,25895022,25556220,24345622,25561278,25259630,25744983,25487430
Kazakhstan,225146894,229303123,232346223,234213778,252665370,257694147,256440330,273227450,264207283,281461062,271694827,247262845,219593222,185657718,178381106,163940711,155571482,150160515,124985766,149054077,143585019,161037004,178962184,188546939,201799685,221130080,227549584,228670094,223110062,249066913,239660091,245836489,253728845,279032098,288582401,288685797,307908886,317279662,295868526,291335929
Kenya,6473058,4633791,4594671,4253114,3715959,4072961,5075938,4689960,5088479,5687209,4708958,5402381,6214680,6421892,7405763,9154939,8119526,9896093,10028879,10390516,9236819,7819235,6587069,7438961,8338351,9335661,9540667,9911045,11966452,11744792,12928173,11988008,12770061,13772966,16301234,17155983,16322312,18016496,18346944,16146074
Kuwait,25139621,21090278,21541218,28285242,29070175,35230265,31377858,32825111,35771645,37807037,14916435,29648394,49129433,55225776,54589610,49913639,54670690,51560346,53822654,53385365,57485387,57981039,59624099,63108923,71165760,73389651,74875310,82297260,86954965,89272262,86262705,100074047,81704119,75481708,91348969,100858688,95144622,95575260,96651162,88935077
Kyrgyzstan,20096973,20468800,20754219,20929922,22564165,22528313,21726126,21713143,21050677,19369007,16002119,11080756,8502275,6147083,4511588,5664159,5574669,5914543,4648470,4602495,3861425,4920849,5381613,5807885,5514575,5419141,6518943,7546983,6736609,6313962,7553504,9998398,9658305,10095418,10278881,9646228,9348074,11697709,11017920,11507817
Laos,150224,157552,179536,183200,205184,208848,212512,212512,230832,512960,545936,592727,607425,634264,670900,749891,792409,820068,845838,960400,1062694,1165768,1220964,1282484,1337012,1757335,1835383,2131341,2667456,3004513,3170104,3397982,4261159,4449693,9232425,14805657,18661301,19524017,33931652,33846818
Latvia,22846876,23276549,23615068,23829061,25686638,23497340,19242572,18769180,17868815,19661419,17919404,14193385,11921506,10370009,9133772,9211478,8679757,8305866,7717698,7081458,7496320,7520240,7725891,7730969,7810572,8309951,8637220,8197984,7456118,8554205,7810749,7519388,7368417,7171941,7262103,7210325,7214945,7859362,7648184,6772778
Lebanon,5844246,5719422,6942200,6713183,7764934,7478448,7670364,7345655,7720771,7868195,8115152,9726913,10354905,11110825,12254741,12752780,15098693,16286495,16429672,15466264,16406606,16243744,18529028,17208415,16650191,14792376,13746087,17417775,20957555,19996595,20264128,22332032,22163384,23992028,25734552,26500753,27976920,26551199,26657803,25969298
Liberia,1934943,597408,706518,695432,716084,722879,758462,809184,659594,467124,370884,387994,424629,422584,423397,434790,453515,484039,390794,420753,446730,435691,467987,546472,654236,672734,628785,534460,474351,760564,851716,962647,877929,1191526,1203681,1357466,1231620,1085305,1093400,1008984
Libya,28667963,30565102,30146017,28276211,31002177,33895493,32348263,36160364,37068521,36513782,42619846,37024420,38708328,43752489,45689944,44514425,45506217,45807620,45054524,47514863,48462693,48186163,49473554,50628915,56988605,53255754,49977432,53590669,53121373,60652794,49212444,51646672,41914140,71390467,58183529,53485117,54398719,53361533,54509037,50720577
Lithuania,35813776,36499894,37059364,37415503,40311414,35895591,35967113,36258593,36651278,35767734,37849997,21201457,16353746,15801144,15091554,15773444,15196349,16030578,13482975,11876400,12627073,12699159,12692599,13287305,14117412,14434079,15824053,15202501,13042298,13945089,14292805,14345298,13354844,13106691,13319490,13351102,13571832,13696228,13923095,13799480
Luxembourg,9485958,8924177,8364030,9004226,9236842,9111157,8812260,9099730,9846277,11823338,12443139,12209704,12354743,11542458,9151714,9201608,8553962,7675930,8127845,8709917,9207449,9983581,10458916,11828910,12087022,11919754,11316965,11183688,10638338,11207250,11102383,10866201,10320571,9836045,9347989,9092741,9261344,9568440,9752160,8174648
Macao,534944,483648,681504,604560,732800,875696,970960,963632,1029584,1033248,1091872,1080880,1179808,1271408,1231104,1406976,1487584,1557200,1516896,1630480,1685440,1516896,1531552,1714752,1828336,1619488,1363008,1132176,1890624,1234768,1456275,1290790,1203710,1508124,2027991,1769712,1919936,1216448,1256206,1262755
Madagascar,1024540,1013337,650391,866372,1053031,1137097,1282418,1285795,925801,929640,1010210,980861,1006472,1247425,1287705,1340553,1623118,1710612,1817650,1867232,1735646,1232145,1681066,1789720,1726562,1667383,1724027,1779958,1706379,1871843,2381149,2748005,3214813,3161532,3231148,3253198,4122133,4166663,4049824,3679618
Malawi,601542,591348,571666,552936,553429,548451,540712,537201,558211,740232,785906,785968,879964,903270,906678,905386,947181,922942,922104,865487,790660,846135,903374,912251,904839,916686,969425,1087435,1092963,1025136,1140182,1132054,1163078,1020623,1119762,1306376,1364161,1570154,1588500,1394983
Malaysia,30877661,30641940,38048307,34794433,36329771,40101885,40877684,42869204,50083870,54269364,65785134,72961016,86718637,90630988,113933664,113441942,122084586,114237500,108291440,126203049,133988165,135118208,156521332,171102004,181332800,178785308,182455363,201985181,200712944,215935154,216993527,215213034,242487438,244832567,231843940,250560642,250561320,272229353,278659255,272607434
Malta,1143168,1311712,996608,1363008,1198128,1483920,1853984,2011536,2169088,2408463,2255389,2314902,2891126,2669722,2460269,2578446,2586188,2545134,2627594,2545522,2665171,2707481,2979281,2846411,2654256,2665944,2738399,2747132,2532568,2579522,2576836,2760504,2444297,2448395,1740986,1405395,1559427,1538318,1669145,1594903
Martinique,699824,802416,923328,1384992,1110192,1271408,1542544,1630480,1421632,1691619,1573200,1733339,1862968,1999077,2021339,2001211,1973126,1760973,1898035,1963391,2002757,2027886,2180692,2306858,2440966,2378152,2146876,2159031,2297767,2296309,2302944,2277624,2232207,2228880,2264492,2316085,2273248,2252887,2348393,2348393
Mauritius,542272,501968,597232,626544,707152,798752,930656,853712,1051568,1461936,1520560,1707424,1773376,1623152,1828336,1949248,1996880,2169088,2425568,2689376,2861584,2883568,3059440,3088752,3293936,3627360,3685984,3766592,3707968,3913152,3916816,3964448,4067040,4206272,4209936,4345504,4536032,4514048,4377981,3979358
Mexico,283707437,303905051,277565869,276648598,287370505,293412194,306022063,305665561,323480321,317042355,330133158,332780138,338067214,351528180,331596610,345766112,368644797,388356890,390516452,396066364,410697922,411967687,437757538,438856697,463993190,476565216,479786812,492979670,475903054,463782514,484164841,496299580,490129670,481128786,481974591,482798052,459849151,455307901,435512388,356968119
Moldova,37181291,37864607,38418743,38765809,41765067,40694320,38560178,39707605,38695150,36633843,29630992,20978058,15845813,12426964,11405406,11687090,7301343,6443838,4684538,3572952,3786589,4051736,4404268,4613424,4937548,5029747,4978554,5190380,4539512,4830905,4944974,4765682,4899358,4758816,4781760,4903671,5220511,5432857,5156188,5146876
Mongolia,6614668,6712307,6969065,6424712,8997952,9595142,10482516,11492876,10459013,9889986,12120977,10993888,9262624,7927060,7899350,8023326,7688408,7687468,7535224,7486824,7869910,8262491,8007876,8570727,8573710,9405776,12078744,12016684,13073986,13819950,21426490,35030922,43558789,29585990,23243136,25326724,34264826,47537186,88691326,88441761
Montenegro,1734520,1593507,1715921,1809567,1845894,1927794,1882113,1942096,1936169,1915340,1355041,1483274,1293620,1256653,1327336,1552994,1669797,1757580,1211858,1520843,1667268,1766249,1889193,2041278,1750836,2062832,2055504,2605104,1681776,2421904,2407248,2213056,2150768,2106800,2238704,2015200,2103136,2399920,2644994,2309894
Morocco,15718117,16904631,17626518,17645233,17681777,18683950,19904884,20930808,22660664,22297998,23688164,24736784,26778886,28123801,28750270,29524523,29977577,30881156,31985669,33199036,36805697,37306287,36570125,42225556,44660769,46249416,48912715,51369080,50859733,54365200,54867636,56953540,56606417,57174916,58547495,58457476,61628551,62295068,68216612,64536253
Mozambique,2479035,2523930,1954480,1510863,1134944,977139,976747,1006193,1034531,988736,948792,1038198,1191645,1079627,1108989,1091814,1170237,1111895,1168343,1321945,1553994,1537057,1855517,1863973,1769698,1915622,2188865,2179933,2439006,2634548,3106628,2980865,3575519,7899233,6304005,8154896,8322881,6891311,7287610,6570936
Myanmar,5622979,5579515,5753767,6548548,6675517,6756346,4943397,4086656,4425299,4235719,4137416,4841915,5303029,6195949,6907278,7202638,7444900,8036074,8929950,10043900,8681456,9153973,9779282,12370096,11528577,12779149,12794267,9722312,10155758,13082723,15068344,11892871,12937500,16169847,22108664,25437183,24767732,32680027,36047342,36325546
Nepal,453186,442361,492418,701424,676018,697014,860680,975970,893564,721436,1026311,1232929,1397333,1619432,2308915,2352779,2641111,2223327,3191083,3037431,3236078,2596383,2810383,2582410,2986772,2456469,2570341,3351788,4129352,4824304,5220429,5470253,6217840,7591334,6816731,9760014,11647530,13690047,16966544,16957668
Netherlands,164109797,133487127,137357331,144072857,146980001,144014382,151480357,145602742,161664236,161806917,170227322,170015192,170206051,170787871,172300370,181452864,174493997,175462952,169936664,171085017,176210616,175571321,179009426,180896327,176922450,172098275,171881079,174861967,169538599,181537586,168271312,164700439,164684571,157663217,164199889,164925247,162610064,159020034,153599982,138100074
New Caledonia,1390324,1261786,1151198,1202153,1450955,1400822,1454488,1501239,1639517,1576355,1758618,1575469,1828244,1971181,2063132,2183915,1817470,1810016,2055504,2220454,1876642,2392238,2725557,2514913,2809699,2706642,2926788,2848035,2932650,3556595,3539688,3637863,3848731,4873267,4736359,5315237,5345160,5785320,8706294,8692686
New Zealand,16560961,18270238,17998090,19336614,21857954,22945982,24165261,25449338,25453206,25649309,26332770,28274938,27862725,28027524,28148848,29377311,31326236,29930578,31537744,32339419,34490005,34659519,36300950,35953304,37553454,37543425,36657303,37713283,34882460,35031266,34497004,36137911,35304681,35531369,36071297,34304683,35854823,35789215,37494502,33475158
Nicaragua,2134854,2110702,1996688,1846034,1984836,2255542,2430984,2240026,1468317,2043946,1986324,2372617,2282398,2517961,2755058,2847245,3114466,3392724,3597173,3721323,3921750,3989804,4335245,4377836,4270109,4418076,4550682,4365500,4445091,4467845,4805903,4546103,4616400,4756114,5430290,5382658,5504163,5280872,5673088,5073650
Nigeria,65810503,65393573,59705247,69405882,69635960,73192175,59024431,70421346,42119387,38857279,41929195,46265317,44814164,34934724,33416744,36788593,41008773,37745961,39586895,78823114,86718724,94303640,100008039,98685312,105757809,97808933,94269806,94772175,74885064,112314215,129568735,116330752,122098213,127822805,113470026,115821151,114043392,127928170,130104061,125462961
North Korea,114394944,116892097,125163144,134661631,144284694,156835293,175618658,200808131,213071519,122400325,117227150,102962955,94868887,86719860,81260564,71638252,65158403,58769493,64099575,69164938,71664474,68641603,70138024,71721172,74919525,76172160,63478435,70329490,53566587,50022807,36185883,37565141,27013627,30545472,24621411,29412375,21768830,17673845,29379320,29311104
North Macedonia,12845320,11801021,12707584,13401098,13670127,14276650,13938351,14382570,14338672,14184423,10035016,10984672,10123632,10534000,10636592,11684496,10577968,12571184,11666176,11995936,11926320,10867424,11226496,11105584,11178864,10834448,9383504,9295568,8592080,8500480,9196640,8734976,7771344,7459904,7023888,6987248,7503872,7023888,7974674,7146509
Norway,31845462,30956683,31998425,33869787,32347589,34857659,33281316,35676956,34235104,35098000,33540000,34468000,36008000,37914000,38522000,41594000,41756000,41885000,42646000,42171000,43537000,42623000,44012000,44357000,43382000,43972000,45714000,44837000,43268000,45697000,44817000,44342000,44639000,45078000,45616000,44800000,44372000,44469000,42865000,41283000
Oceania,252122044,257191421,247750357,260633525,268324406,268056450,285610352,291932082,308604456,310806408,314080448,320499727,325386130,334462937,342543664,352408520,365180052,375643730,385044934,391609448,402960130,410452456,419239575,433075344,435514013,445148448,450934284,458011016,447206249,451189137,451908773,450679901,441040275,449238205,454010038,465735657,466026027,467724583,471189339,444571198
Pakistan,34232832,37189621,40022189,42557326,46813546,49058621,52988504,57607377,60316616,67827369,67477105,72014921,77175721,84018296,83614359,93538964,93788159,96740735,99389325,105419768,107126423,112903875,117490988,129959785,134756587,143726406,155845590,155356299,155220768,154145307,154659589,153876181,150450706,156243128,169251789,207018569,233977568,238305865,234288957,234754740
Palau,157552,157552,157552,157552,161216,161216,161216,183200,227168,234496,234496,197856,197856,197856,197856,197856,197856,197856,197856,208848,216176,212512,212512,216176,219840,227168,252816,205184,197856,208848,216176,223504,227168,219840,205184,212512,216176,212512,219051,219358
Panama,3322709,3278525,3479672,2867351,2726860,2734755,3179553,2914665,2510273,2631999,3104491,4112287,3784946,4177258,3652970,4446773,4630072,5900714,5622234,5728391,6953090,5821097,6090004,5710970,6971338,7524040,7349627,7334595,8460693,9072099,9952930,9768100,10513283,10855411,10877607,10555175,11211974,10730711,12293851,10779522
Papua New Guinea,1930928,1945584,2007872,2044512,2125120,2062832,2333968,2198400,2033520,2154432,2169088,2191072,2191072,2180080,2059168,2187408,2575792,2861584,2443888,2663728,3206000,3484464,3942464,4484736,4382144,4305200,6115216,4792512,5089296,4660608,5224920,4975712,5331120,6049264,6364322,6635504,6375360,6408336,6617732,6652121
Paraguay,1383157,1362428,1407919,1490034,1547794,1654639,1876639,2143738,2223418,2135640,2103445,2579939,2914101,3404286,3937149,3718801,4127971,4383911,4375923,3606132,3695507,3857264,4031488,4061307,3779891,3908692,4041562,4277954,4531500,5021793,5198721,5173286,5172147,5458230,6051014,7182787,8073223,8509239,8524898,7569706
Peru,24026774,23600101,20392858,20632454,19454626,21775107,25693675,25018145,21762108,21400795,20757895,20985784,23884757,23758891,24668635,24224357,27285191,27608865,29173621,30103859,26980952,27009978,26210112,31708170,36934245,28431739,34669061,40810316,51317629,57173442,48924089,54040984,43062510,49433706,49066819,52719506,53722054,54649143,54977537,44706055
Philippines,34528214,34838528,35239075,30831284,27899133,29024737,32495771,37484705,38906538,41349500,43471884,48292795,48928835,54122468,59950366,61255046,70061731,68252520,68176029,72347741,70303956,70156337,70215303,72771498,73272162,66523624,70762974,77300519,76491831,82952687,83742512,88408213,95794083,101183925,112142406,122237309,134901810,140658221,146614938,136017950
Poland,408996956,420970430,421023769,432467362,444507861,451848670,463732639,444229969,422175098,376807799,373827919,364740656,365441730,360510921,362877091,377563442,367508322,339346464,329535926,317691568,313822673,306583828,319597675,324413220,323384819,337289642,336705592,330453984,316840280,334887520,334305815,326702135,322614415,310280090,313419083,324341690,337682844,336992311,319520975,299592767
Portugal,27000480,28999878,29901627,28793810,27129670,30221141,31198344,32567555,40822222,45333912,47152078,50981725,49496390,50276505,54543421,51837534,54711152,59267636,66906352,65697820,65264097,69748703,64654420,67494689,69713156,64926555,62447181,60122801,57223565,53016778,51814667,49979321,48181541,47961895,52289892,50458265,55230716,51492414,47629084,40387817
Qatar,12840684,12334909,11242561,12298033,12377808,13266982,11470526,11897661,14292370,11411196,17380476,26780341,30684493,30304340,31298254,31668365,36789307,31721741,30755617,34011717,41213508,40702617,41300453,42711403,50690106,63196840,62900592,64256641,68596757,71920193,79647666,92303521,82696788,90418581,90137398,88906547,99757241,106926980,115036775,106654967
Reunion,784096,864704,901344,996608,992944,1077216,1172480,1344688,1388656,1241896,1634721,1771296,1768470,1863625,2063744,2275795,2564613,2643541,2905247,3183404,3310941,3333689,3144830,3268758,3692636,3917450,4108677,4276221,4347017,4486194,4499156,4449690,4360961,4354461,4424034,4524830,4441140,4401362,4587948,4587948
Romania,197730259,195329236,200116439,188816653,193906925,201641336,211631672,212221685,213599490,170879996,140203781,130235047,121018229,119141535,124257313,127571733,116666942,104073457,88097884,92364222,97848990,98049942,102508830,101764847,100259175,103193178,101360332,98580323,81554215,77943429,86047456,83882255,74749877,75594475,76361515,74152250,77203113,77608829,74846270,71475046
Russia,2084697846,2124002311,2154129018,2173259315,2343796323,2344123760,2355475479,2430947449,2400308425,2525517951,2396204964,1957886127,1859679401,1641616084,1613141141,1580375678,1475360211,1458367830,1486300503,1471259489,1507706569,1495693637,1525606991,1530694319,1547599053,1606541855,1604549406,1636923059,1528961075,1613113034,1665206778,1680104359,1619419684,1622588593,1623099849,1618598940,1646456968,1691646718,1679449327,1577136041
Rwanda,600896,608224,696160,633872,615552,597232,611419,692308,684248,523865,472136,479487,482946,462124,454761,464040,482529,481523,502620,515135,522380,518873,509103,515763,514223,514420,542177,527816,558257,573397,647022,718462,782275,827155,919152,1036390,1050459,1142030,1187416,1032737
Saint Lucia,95264,113584,102592,113584,128240,131904,146560,164880,164880,179536,186864,212512,234496,260144,274800,293120,293120,322432,333424,348080,359072,359072,377392,403040,388384,410368,425024,425024,425024,487312,487312,490976,487312,483648,479984,487312,505632,509296,497102,439905
Saint Pierre and Miquelon,40304,40304,32976,36640,32976,47632,51296,65952,102592,91600,102592,95264,73280,69616,69616,69616,47632,54960,54960,54960,54960,58624,62288,58624,62288,65952,65952,65952,65952,65952,65952,65952,65952,65952,65952,65952,65952,58624,57220,50636
Saint Vincent and the Grenadines,36640,40304,47632,65952,65952,65952,76944,65952,76944,80608,84272,84272,102592,120912,128240,131904,131904,161216,164880,146560,179536,186864,197856,219840,219840,216176,234496,219840,278464,219840,216176,230832,219840,252816,234496,241824,216176,241824,236034,208876
Samoa,76944,65952,65952,65952,76944,80608,80608,84272,84272,87936,95264,98928,102592,95264,113584,124576,124576,142896,135568,142896,153888,161216,157552,164880,168544,172208,179536,161216,168544,183200,190528,186864,194192,201520,227168,238160,245488,238160,245489,245833
Sao Tome and Principe,43968,47632,54960,51296,54960,51296,51296,47632,47632,47632,47632,47632,47632,47632,47632,47632,47632,47632,47632,47632,51296,58624,65952,73280,76944,84272,84272,84272,91600,98928,98928,117248,120912,117248,120912,124576,128240,131904,126263,112744
Saudi Arabia,175304540,157893284,160836962,155512397,172421194,204603783,190446877,202251915,203423891,208496989,288545496,316174686,340642423,328139002,262421123,258274784,215807489,207240053,225985542,296363782,296588051,325697903,326517114,394584890,395854760,431291968,386507147,432336410,465844309,517715947,497659010,563179493,540805232,609205617,674878168,639056486,639377966,621952743,622412749,625507882
Serbia,49165254,44978024,48646981,51491805,52622309,54993789,53689070,55460292,55355078,56448232,38615868,42817983,37623281,36326480,38373896,44810297,48323099,50807901,35027196,44950193,48098901,51018599,54764401,59009551,51634114,60838317,59554391,51778176,45895094,45696426,48957080,43724476,44545828,37189122,43746096,45034457,45525947,44260984,49337634,43135397
Sierra Leone,692496,553264,688832,615552,663184,674176,498304,458000,373728,516624,582576,318768,322432,348080,230832,307776,223504,241824,194192,329760,432352,501968,534944,520288,425024,578912,487312,505632,501968,542272,710816,831728,1007600,1110192,875696,905008,912336,952640,960643,877190
Singapore,25706624,28381510,33397360,31968554,32397088,34100848,31810848,35280656,41003824,43535575,44235472,47441472,49661856,60085936,40545824,48012941,56737040,47412160,49200192,48394112,49200212,47093392,49438352,46858896,36467792,43044672,47518416,57572432,90097760,56619792,30271968,48144960,54366432,55209152,62130448,40274688,39065568,46001520,45705294,45503904
Sint Maarten (Dutch part),959572,1072876,551393,1376899,1611602,308949,274663,270563,515039,551561,440131,362614,559760,536654,531064,496778,519884,28696,215034,570568,581003,560133,560506,588084,582866,607463,683862,657774,673054,463610,591438,696160,714480,732800,754784,762112,751120,721808,704525,623462
Slovakia,56840973,56337011,56391145,58377208,57617304,58038299,57337943,56281728,53672834,61475359,53282005,48875446,46332794,43731639,44174112,44041773,44171521,43931936,43061279,41152237,43245270,41974800,42306683,42787218,42792585,42557319,40976332,41372972,37634920,38411715,37999489,35921155,35507167,33591137,34410632,34855945,36030606,36029541,33773451,30730385
Slovenia,14392940,13205202,14222216,15000343,15301302,15980088,15576296,16144544,16064745,15082957,13962073,13872606,14233705,14628136,15342484,15987079,16506545,16035292,15405339,15043127,16288266,16547109,16249618,16679951,16904770,17150495,17315219,18249874,16176752,16431818,16333590,15736752,15106405,13540462,13622783,14425252,14591882,14493544,14005901,12562986
Solomon Islands,135568,120912,142896,142896,150224,153888,161216,157552,161216,146560,157552,161216,172208,183200,190528,197856,205184,216176,216176,223504,234496,245488,256480,274800,282128,289456,300448,307776,318768,329760,344416,348080,373728,329760,293120,289456,285792,289456,298363,298781
Somalia,274800,718144,934320,714480,857376,923328,992944,1003656,952072,730901,707587,680744,640424,629417,589097,567920,538608,512960,490976,479984,501968,586240,593568,593568,593568,593568,608224,600896,597232,611888,611888,608224,630208,630208,630208,637536,637536,637536,665199,562143
South Africa,257099438,280459429,291929963,315624121,323890015,330526289,328695821,342696184,340752493,312972667,326069086,301367423,320391282,338624941,361639961,363672943,385459512,377313339,374830818,378254856,371516696,356357408,404173093,449078688,415924640,446622588,464800275,494642254,502259444,466930008,473948952,461138966,455865944,480627936,450571528,464769069,464198740,464192622,475922616,451957087
South Korea,139612588,140806465,149164997,160734915,168792126,176336820,185398979,210999523,223564630,250469067,275656518,300032947,330271665,355836406,383696012,421094512,445188245,378444346,410995617,440530735,456245393,476789310,485954842,492249170,499564402,504505722,522906312,534024939,539230049,595589920,624550333,628935863,635791455,630594627,635213614,639258641,655747114,671630709,648024558,597605055
South Sudan,302987,318549,325261,291698,338992,353638,278883,403373,312751,433885,406424,363402,250506,344484,356079,367368,449752,389947,422901,459821,529084,674322,753349,951984,912013,998668,1173199,1239105,1290671,1313250,1281212,1330032,1443616,1524224,1912608,1703760,1454608,1337360,1395388,1179207
Spain,206096203,208598534,203435147,197667200,199931395,189112664,189508050,197457895,224885414,231194161,240932255,249831357,241208987,253688033,267458288,254883195,267420095,276064762,299540265,311384586,313343951,333447052,337700854,354611847,369681300,360702602,368546020,336767465,297385075,283872713,284729530,278963927,252726123,255067902,271694203,260757956,274641963,269713437,251498499,208914968
Sri Lanka,4005570,4466889,4854898,3852101,3916566,3660301,4026917,3456638,3447011,3830820,4138236,5106336,4975431,5435205,5814277,6970579,7520293,7735926,8516617,10134099,10326369,10948020,10953041,12147363,11935225,11792541,12151910,11987291,12944645,13050987,14886152,15798102,14679056,17690987,19830283,23027101,23030453,20998382,22824893,21106254
Sudan,3329950,3498865,3571019,3201609,3720366,3883377,3061183,4429775,3430803,4768885,4466480,3989272,2746330,3784971,3902880,4027584,4940026,4285317,4645209,5055397,5817098,7417876,8284643,10470832,10028067,10983681,12904736,13634101,14188878,14397601,14016871,14538701,16175480,16644807,20162632,19311333,21714917,21179973,22031477,18859244
Suriname,2028322,1870567,1372057,1552032,1595856,1756928,1756784,1873888,1851760,1737368,2023142,2030452,2037762,2042253,2060551,2082514,2104476,2104454,2122753,2192347,2362832,1560114,1537767,1555785,1588520,1738560,1756384,1935232,1994368,2395704,2179800,2634976,2744348,2808578,2702357,2275902,2474054,2514342,2520260,2224178
Sweden,69388504,62256745,58268315,57308088,62364008,62009779,59694709,57425122,55520775,57378338,57752857,57495155,57536238,59999754,59414424,63349951,58251198,58721858,55857374,54709803,55637649,56606994,57188352,56501179,53884416,53702639,52970191,50886839,47252201,53126353,49257269,46773851,45205996,43335944,43602601,43262009,42593728,42095408,40936867,38634794
Switzerland,38812390,36585737,40022811,39128720,39780898,42246574,40205245,40662425,39419076,44152768,46132169,46008823,43600912,42675783,43412719,44098704,43037152,44614714,44445861,43617591,45082401,43467507,44651905,45236397,45788174,45373455,43368090,44714048,43534481,45049377,40985444,42254632,43185681,39231220,38731004,39192544,38182513,36867631,36741865,32298333
Syria,26534616,24364443,27774501,32849009,29389377,31073248,35942867,36679117,34271281,37045335,42200815,42561742,45221633,46190068,41200149,42322200,45377967,49756322,51772170,50481212,48139900,38439424,53581772,50384730,49881564,52841498,65718960,66876696,61562260,60716515,57784694,47230831,34233685,30841237,28162773,29079394,32050898,30365540,31008655,30531928
Taiwan,75043167,75376099,83126546,84853671,84722327,94321231,98172144,113075299,123107163,124066000,133586000,142172000,153793000,161160000,168873000,176779000,190542000,200159000,207796000,226979000,229927000,237650000,248401000,257883000,266460000,276159000,279800000,266595000,252506000,270148000,276283000,272756000,273797000,276311000,275836000,279705000,284812000,282843000,275333035,273174653
Tajikistan,11665589,11884464,12054510,12160923,13107279,12635212,12124975,12936859,12773730,12084023,9767464,7308103,5170596,2355098,2445277,2823798,2150084,2496671,2517199,2233862,2287606,1877243,2070857,2560492,2439487,2655168,3227096,2896020,2443974,2536415,2340736,2933412,2906893,4600122,5302282,6439912,7865014,9107618,8634131,9447656
Tanzania,2106825,2148300,2196304,2346983,2337900,2277593,2367510,2271686,2161598,2112309,2255268,2177588,2426036,2063123,2433890,2526706,2824358,2480937,2458755,2571821,3040810,3485616,3687241,4232275,5359481,5879905,5709808,5914939,5770842,6926654,7751513,9061880,9908632,9900388,10638599,10873052,11406687,11790770,12042585,10938632
Thailand,37816773,37635606,42117330,45555778,48230370,49223372,56306165,66202873,77784244,87915996,96747882,105963545,120910965,133299375,155516901,173728728,178593874,158145193,164986687,168799992,180708336,190810365,201992577,217170703,222990024,226330572,229410130,226873490,242273730,255404865,253612185,270267908,287597656,282648370,285687648,283434535,285959563,276176956,271624559,257765782
Togo,706484,817874,623627,694581,659031,847915,924976,963449,1024183,977644,1049806,1030496,1068807,1006679,1174741,1265171,878986,1289967,1850434,1331372,1158913,1322471,1804731,1743929,1721591,1500506,1516752,1522778,2740838,2595698,2503920,2215629,1642552,1541898,1865704,2306416,2210120,2290044,2305160,2191571
Tonga,47632,43968,47632,47632,47632,47632,54960,69616,69616,76944,95264,69616,84272,91600,95264,76944,98928,87936,109920,95264,87936,102592,117248,109920,113584,128240,113584,120912,131904,117248,102592,106256,113584,113584,120912,128240,157552,139232,143516,143718
Trinidad and Tobago,17242381,18405236,16275545,17504409,20723080,17354846,17489066,15833101,16105027,16981163,16968163,19102764,17411193,17024210,16460280,20768035,20559595,19750647,22464441,24191265,26569367,28591178,32250868,32575769,37944097,42414371,45234589,44095716,44220307,46957412,46680091,45555809,45235944,46344356,45121718,40052240,39948219,40475386,40378454,35509414
Tunisia,9800159,9492860,11249748,11488525,11870937,11992358,11663346,12376845,13140447,13126084,15363726,14890977,16352595,15777158,15546934,16580878,16747231,17808539,18118679,19671641,20545596,20558744,20925683,21926618,22268761,22601843,23684283,24333185,24321470,27101189,25526012,26305893,26864333,27893503,29271750,29007769,29231486,29362809,30010549,28126702
Turkey,79185990,86210026,89812184,94906029,105662356,115617877,128442187,124727506,137569948,151508468,157982005,163922250,171011163,167433113,180903047,199521939,212005568,212040282,207804163,229790601,213486094,220977701,236483893,244464112,264200797,281649185,312736708,309321195,315359638,314380033,339482252,353666209,345220584,361675463,381331943,401239738,425329230,419436905,399344914,392794051
Turkmenistan,28876113,29419522,29842323,30111362,32452364,35739851,36343460,37104120,37574968,31365173,32716869,31994181,27516396,33443118,33933523,30604733,30556472,32025557,37605609,37466194,38000361,39890208,44520727,46446514,48232724,49372747,55890082,56666877,50169647,57110036,62182860,64533895,66375300,68033300,70230457,70163883,70231356,70446995,76318525,75337709
Uganda,527045,544697,613545,580422,616914,701855,768574,862875,800488,760855,779805,797791,797457,708177,925485,1018092,1061946,1208757,1254724,1360870,1417088,1446221,1512745,1607486,2017941,2383386,2709990,2779614,2999798,3569619,3824069,3626987,3754530,4089666,4525570,4790337,5373509,5498383,5720797,4892203
Ukraine,659952580,672464069,681926015,687938719,742188594,739271642,733236745,725848667,682616899,705829992,632536626,589060251,510199537,419266301,389864615,351408753,340242686,328578938,298203960,285337201,303559229,295673490,307017472,310362748,313118088,332670337,336364014,325532713,277293501,294078322,307952841,303976430,297249639,257508606,223822115,234005955,223084976,232032926,222579323,213908873
United Arab Emirates,36766936,36752774,35220453,46155642,49652535,47030086,47450353,48095598,54186135,51703774,56673423,57757056,65565563,72604782,70012283,72774932,73100847,80682526,77543763,111787053,100590959,83698221,105618741,111801797,114477675,121737475,133264015,153969705,165499676,180621656,192991346,201548069,205390401,201927104,216583104,214666772,168831314,154203574,154185760,150268152
United Kingdom,560554477,548240368,545485136,529108173,559627325,568553975,571667598,570293732,581576100,600343890,608430640,592883834,578635270,574640846,566567960,588187603,562333177,567600126,561108555,567585033,576313538,560066032,571471921,572903657,569962114,567571938,559236418,544498125,493894854,511631630,469453672,487516555,477387488,438540999,422340107,399337394,387565181,381889659,369009693,329578911
United States,4686171508,4447079918,4429186731,4661920937,4652382863,4663165469,4825444723,5050267778,5131926576,5113454675,5057930940,5167480847,5267343060,5358824048,5421502465,5610581589,5686464995,5731049595,5804668919,6010508353,5904881595,5946770566,6011837495,6114006880,6134521473,6051668046,6131004158,5914077766,5478209686,5675786435,5540173478,5338698344,5474256770,5522807202,5371770557,5248023931,5207751278,5375490614,5255816207,4712770573
Uruguay,5355957,4853822,3803538,3438156,3283824,3164926,3542533,4785973,4852638,3967289,4527678,5142888,4439220,4030404,4557192,5405165,5513665,5638758,6682218,5268017,5030443,4557757,4526888,5564822,5726669,6597095,5947501,8201629,7946771,6297960,7652644,8591791,7492373,6684323,6725465,6520440,6162573,6570970,6583985,5840060
Uzbekistan,92086705,93836338,95179746,96050974,103526974,99694072,99452750,109000876,109867108,103515759,102920705,110984327,115617242,107979978,102663682,105546009,106629578,118498913,121739198,120994017,122586352,127518315,125935969,125118217,116576172,119364938,119113158,123038846,106251774,103336000,112704612,114891110,109473193,104953028,101412072,108168748,107153232,114732232,114198988,112784345
Venezuela,91791584,93201040,92907945,93002890,101026511,109239828,110661134,115751755,108571086,121823036,115052176,105576784,123966331,129531168,132876193,122338416,133482705,166803906,172562678,151869910,171975048,192746571,191457512,151268097,163822999,160160226,149924084,168690196,169572855,184084056,175944973,182224419,207424913,186708214,180124211,169476933,161535508,120176685,99175323,84609478
Vietnam,17695406,18341627,19269692,17495162,21097419,20584666,23296900,23072536,17397909,21298647,21375535,21466459,22853002,26168861,28696697,34206458,44516863,46791454,46889833,52600951,59654045,68499452,76047699,87743442,94693883,98625742,100362015,113326892,123442875,138585135,151230628,142552003,149220090,169006166,193003686,192765567,195249310,223717789,260312093,254303169
Yemen,4225439,5933604,6285599,7096980,8573361,8192041,8626651,9550232,9935053,9520184,9127376,9873645,8625426,8982038,10352088,10526331,11315914,12064542,13723955,14475379,16016834,15554371,17081395,18647044,19794359,21084874,20719069,22025267,24251389,23150591,20190194,18268332,24976297,24215664,12806287,10426915,9950980,9983747,10020408,9768313
Zambia,3358031,3510781,3260766,2804441,2732732,2865572,2673762,3109022,2570005,2407113,2381811,2424693,2466007,2393258,2142313,1837995,2354102,2278458,1777604,1784113,1885603,1960891,2074413,2104131,2242543,2231118,2294254,2553028,2940336,3120300,3372367,4165843,4416159,4876557,5097951,5659098,6517240,7313113,7047207,6572938
Zimbabwe,9405387,8779857,10425096,9879639,10213709,13068023,15170106,16029461,16113654,15551593,15501544,16713458,16046611,17393590,15028392,14908902,13911984,14131139,15727769,13818202,12508722,11895839,10609583,9428642,10698489,10365461,9835161,7720014,5476316,7878316,9743983,7882889,11836254,11905687,12225821,10737567,9581633,11854367,10949084,10531342
others,415598019,377910191,362346025,364610227,371942907,394889333,531139717,551243592,572393914,562729136,1034023068,564479785,570834678,600218060,635626869,686471118,720766155,764925517,792110515,804444128,797458509,819610853,858115042,930346073,970972636,1031557262,1094983872,1115918736,1071882390,1146335101,1181087417,1179655118,1201155805,1213485844,1259338371,1279077690,1332196284,1360790573,1348852856,1094711896
World,19026910179,18875760275,18998031557,19656716874,20317483523,20619623658,21266194534,22101399490,22406832518,22749574360,23238102148,22569624280,22803495349,22964583359,23453944453,24154961206,24300550431,24206271270,24518962288,25234207250,25451054498,26039191477,27366723291,28627533033,29602777196,30583530081,31493741589,32069444008,31607042410,33343300453,34468451046,34974075146,35283025443,35534442952,35496406339,35452459298,35925737687,36646139785,36702502903,34807259099
